x,Collection#,Species,Genus,Subfam,Figure
1.AUM_35643_Harttia_platystoma-2.txt.final,AUM-35643,Harttia_platystoma,Harttia,Loricariinae,H. pla
1.AUM_35643_Harttia_platystoma-3.txt.final,AUM-35643,Harttia_platystoma,Harttia,Loricariinae,H. pla
1.AUM_35738_Pseudacanthicus_leopardus-1.txt.final,AUM-35738,Pseudacanthicus_leopardus,Pseudacanthicus,Hypostominae,P. leo
1.AUM_35738_Pseudacanthicus_leopardus-2.txt.final,AUM-35738,Pseudacanthicus_leopardus,Pseudacanthicus,Hypostominae,P. leo
1.AUM_35738_Pseudacanthicus_leopardus-3.txt.final,AUM-35738,Pseudacanthicus_leopardus,Pseudacanthicus,Hypostominae,P. leo
1.AUM_35738_Pseudacanthicus_leopardus-4.txt.final,AUM-35738,Pseudacanthicus_leopardus,Pseudacanthicus,Hypostominae,P. leo
1.AUM_36633_Neblinichthys_yaravi-1.txt.final,AUM-36633,Neblinichthys_yaravi,Neblinichthys,Hypostominae,N. yar
1.AUM_36633_Neblinichthys_yaravi-2.txt.final,AUM-36633,Neblinichthys_yaravi,Neblinichthys,Hypostominae,N. yar
1.AUM_36633_Neblinichthys_yaravi-3.txt.final,AUM-36633,Neblinichthys_yaravi,Neblinichthys,Hypostominae,N. yar
1.AUM_36633_Neblinichthys_yaravi-4.txt.final,AUM-36633,Neblinichthys_yaravi,Neblinichthys,Hypostominae,N. yar
1.AUM_38789_Harttia_platystoma-1.txt.final,AUM-38789,Harttia_platystoma,Harttia,Loricariinae,H. pla
1.AUM_38789_Harttia_platystoma-2.txt.final,AUM-38789,Harttia_platystoma,Harttia,Loricariinae,H. pla
1.AUM_38789_Harttia_platystoma-3.txt.final,AUM-38789,Harttia_platystoma,Harttia,Loricariinae,H. pla
1.AUM_38789_Harttia_platystoma-4.txt.final,AUM-38789,Harttia_platystoma,Harttia,Loricariinae,H. pla
1.AUM_38789_Harttia_platystoma-5.txt.final,AUM-38789,Harttia_platystoma,Harttia,Loricariinae,H. pla
1.AUM_39040_Lithoxus_lithoides-2.txt.final,AUM-39040,Lithoxus_lithoides,Lithoxus,Hypostominae,L. lit
1.AUM_4251_Isorineloricaria_spinosissima-1.txt.final,AUM-4251,Isorineloricaria_spinosissima,Isorineloricaria,Hypostominae,I. spi
1.AUM_45611_Spatuloricaria_puganensis-1.txt.final,AUM-45611,Spatuloricaria_puganensis,Spatuloricaria,Loricariinae,S. pug
1.AUM_46619_Spatuloricaria_puganensis-2.txt.final,AUM-46619,Spatuloricaria_puganensis,Spatuloricaria,Loricariinae,S. pug
1.AUM_46619_Spatuloricaria_puganensis-3.txt.final,AUM-46619,Spatuloricaria_puganensis,Spatuloricaria,Loricariinae,S. pug
1.AUM_62909_Lithogenes_villosus-1.txt.final,AUM-62909,Lithogenes_villosus,Lithogenes,Lithogeninae,L. vil
1.AUM_62909_Lithogenes_villosus-2.txt.final,AUM-62909,Lithogenes_villosus,Lithogenes,Lithogeninae,L. vil
1.AUM_62909_Lithogenes_villosus-3.txt.final,AUM-62909,Lithogenes_villosus,Lithogenes,Lithogeninae,L. vil
1.AUM_62909_Lithogenes_villosus-4.txt.final,AUM-62909,Lithogenes_villosus,Lithogenes,Lithogeninae,L. vil
1.AUM_71150_Cordylancistrus_sp-1.txt.final,AUM-71150,Cordylancistrus_sp,Cordylancistrus,Hypostominae,C. sp
1.AUM_71150_Cordylancistrus_sp-2.txt.final,AUM-71150,Cordylancistrus_sp,Cordylancistrus,Hypostominae,C. sp
2.AUM_44413_Hemiodontichthys_acipenserinus-1.txt.final,AUM-44413,Hemiodontichthys_acipenserinus,Hemiodontichthys,Loricariinae,H. aci
2.AUM_45418_Corumbatain_tocantinensis-1.txt.final,AUM-45418,Corumbataia_tocantinensis,Corumbataia,Hypoptopomatinae,C. toc
2.AUM_45418_Corumbatain_tocantinensis-2.txt.final,AUM-45418,Corumbataia_tocantinensis,Corumbataia,Hypoptopomatinae,C. toc
2.AUM_45418_Corumbatain_tocantinensis-3.txt.final,AUM-45418,Corumbataia_tocantinensis,Corumbataia,Hypoptopomatinae,C. toc
2.AUM_45418_Corumbatain_tocantinensis-4.txt.final,AUM-45418,Corumbataia_tocantinensis,Corumbataia,Hypoptopomatinae,C. toc
2.AUM_51403_Crossoloricaria_bahuaji-1.txt.final,AUM-51403,Crossoloricaria_bahuaji,Crossoloricaria,Loricariinae,C. bah
2.AUM_54450_Exastilithoxus_sp-1.txt.final,AUM-54450,Exastilithoxus_sp,Exastilithoxus,Hypostominae,E. sp
2.AUM_54991_Micracanthicus_vandragti-1.txt.final,AUM-54991,Micracanthicus_vandragti,Micracanthicus,Hypostominae,M. van
2.AUM_54991_Micracanthicus_vandragti-2.txt.final,AUM-54991,Micracanthicus_vandragti,Micracanthicus,Hypostominae,M. van
2.AUM_62801_Corymbophanes_kaiei-1.txt.final,AUM-62801,Corymbophanes_kaiei,Corymbophanes,Hypostominae,C. kai
2.AUM_71168_Cordylancistrus_sp-1.txt.final,AUM-71168,Cordylancistrus_sp,Cordylancistrus,Hypostominae,C. sp
3.AUM_39899_Paraloricaria_sp.dientes.cortos-1.txt.final,AUM-39899,Paraloricaria_sp.dientes.cortos,Paraloricaria,Loricariinae,P. sp.
3.AUM_39899_Paraloricaria_sp.dientes.cortos-2.txt.final,AUM-39899,Paraloricaria_sp.dientes.cortos,Paraloricaria,Loricariinae,P. sp.
3.AUM_39899_Paraloricaria_sp.dientes.cortos-3.txt.final,AUM-39899,Paraloricaria_sp.dientes.cortos,Paraloricaria,Loricariinae,P. sp.
3.AUM_39899_Paraloricaria_sp.dientes.cortos-4.txt.final,AUM-39899,Paraloricaria_sp.dientes.cortos,Paraloricaria,Loricariinae,P. sp.
3.AUM_41498_Pseudohemiodon_sp-1.txt.final,AUM-41498,Pseudohemiodon_sp,Pseudohemiodon,Loricariinae,P. sp
3.AUM_46301_Farlowella_curtirostra-1.txt.final,AUM-46301,Farlowella_curtirostra,Farlowella,Loricariinae,F. cur
3.AUM_46301_Farlowella_curtirostra-2.txt.final,AUM-46301,Farlowella_curtirostra,Farlowella,Loricariinae,F. cur
3.AUM_66085_Hypoptopoma_gulare-2.txt.final,AUM-66085,Hypoptopoma_gulare,Hypoptopoma,Hypoptopomatinae,H. gul
3.AUM_67039_Lithoxus_bovallii-1.txt.final,AUM-67039,Paralithoxus_bovallii,Lithoxus,Hypostominae,L. bov
3.AUM_67039_Lithoxus_bovallii-2.txt.final,AUM-67039,Paralithoxus_bovallii,Lithoxus,Hypostominae,L. bov
3.AUM_67039_Lithoxus_bovallii-3.txt.final,AUM-67039,Paralithoxus_bovallii,Lithoxus,Hypostominae,L. bov
3.AUM_67039_Lithoxus_bovallii-4.txt.final,AUM-67039,Paralithoxus_bovallii,Lithoxus,Hypostominae,L. bov
3.AUM_67039_Lithoxus_bovallii-5.txt.final,AUM-67039,Paralithoxus_bovallii,Lithoxus,Hypostominae,L. bov
4.AUM_45519_Hypostomus_niceforoi-1.txt.final,AUM-45519,Hypostomus_niceforoi,Hypostomus,Hypostominae,H. nic
4.AUM_46306_Dolichancistrus_cobrensis-2.txt.final,AUM-46306,Dolichancistrus_cobrensis,Dolichancistrus,Hypostominae,D. cob
4.AUM_46306_Dolichancistrus_cobrensis-3.txt.final,AUM-46306,Dolichancistrus_cobrensis,Dolichancistrus,Hypostominae,D. cob
4.AUM_46306_Dolichancistrus_cobrensis-5.txt.final,AUM-46306,Dolichancistrus_cobrensis,Dolichancistrus,Hypostominae,D. cob
4.AUM_47892_Rineloricaria_fallax-1.txt.final,AUM-47892,Rineloricaria_fallax,Rineloricaria,Loricariinae,R. fal
4.AUM_47892_Rineloricaria_fallax-3.txt.final,AUM-47892,Rineloricaria_fallax,Rineloricaria,Loricariinae,R. fal
4.AUM_47892_Rineloricaria_fallax-5.txt.final,AUM-47892,Rineloricaria_fallax,Rineloricaria,Loricariinae,R. fal
4.AUM_47901_Hypoptopama_thoracatum-1.txt.final,AUM-47901,Hypoptopoma_thoracatum,Hypoptopoma,Hypoptopomatinae,H. tho
4.AUM_47901_Hypoptopama_thoracatum-2.txt.final,AUM-47901,Hypoptopoma_thoracatum,Hypoptopoma,Hypoptopomatinae,H. tho
4.AUM_51464_Hemiodontichthys_acipenserinus-1.txt.final,AUM-51464,Hemiodontichthys_acipenserinus,Hemiodontichthys,Loricariinae,H. aci
4.AUM_57497_Hypostomus_niceforoi-1.txt.final,AUM-57497,Hypostomus_niceforoi,Hypostomus,Hypostominae,H. nic
5.AUM_27708_Pseudohemiodon_sp-1.txt.final,AUM-27708,Pseudohemiodon_sp,Pseudohemiodon,Loricariinae,P. sp
5.AUM_38888_Pseudoloricaria_laeviuscula-1.txt.final,AUM-38888,Pseudoloricaria_laeviuscula,Pseudoloricaria,Loricariinae,P. lae
5.AUM_38888_Pseudoloricaria_laeviuscula-3.txt.final,AUM-38888,Pseudoloricaria_laeviuscula,Pseudoloricaria,Loricariinae,P. lae
5.AUM_38888_Pseudoloricaria_laeviuscula-4.txt.final,AUM-38888,Pseudoloricaria_laeviuscula,Pseudoloricaria,Loricariinae,P. lae
5.AUM_39848_Pseudohemiodon_sp-1.txt.final,AUM-39848,Pseudohemiodon_sp,Pseudohemiodon,Loricariinae,P. sp
5.AUM_44491_Rineloricaria_stewarti-1.txt.final,AUM-44491,Rineloricaria_stewarti,Rineloricaria,Loricariinae,R. ste
5.AUM_44491_Rineloricaria_stewarti-2.txt.final,AUM-44491,Rineloricaria_stewarti,Rineloricaria,Loricariinae,R. ste
5.AUM_44491_Rineloricaria_stewarti-5.txt.final,AUM-44491,Rineloricaria_stewarti,Rineloricaria,Loricariinae,R. ste
5.AUM_57837_Planiloricaria_cryptodon-1.txt.final,AUM-57837,Planiloricaria_cryptodon,Planiloricaria,Loricariinae,P. cry
5.AUM_57837_Planiloricaria_cryptodon-2.txt.final,AUM-57837,Planiloricaria_cryptodon,Planiloricaria,Loricariinae,P. cry
5.AUM_57837_Planiloricaria_cryptodon-3.txt.final,AUM-57837,Planiloricaria_cryptodon,Planiloricaria,Loricariinae,P. cry
6.AUM_22715_Otocinclus_vestitus-1.txt.final,AUM-22715,Otocinclus_vestitus,Otocinclus,Hypoptopomatinae,O. ves
6.AUM_22715_Otocinclus_vestitus-2.txt.final,AUM-22715,Otocinclus_vestitus,Otocinclus,Hypoptopomatinae,O. ves
6.AUM_56697_Parotocinclus_eppleyi-1.txt.final,AUM-56697,Parotocinclus_eppleyi,Parotocinclus,Hypoptopomatinae,P. epp
6.AUM_56697_Parotocinclus_eppleyi-2.txt.final,AUM-56697,Parotocinclus_eppleyi,Parotocinclus,Hypoptopomatinae,P. epp
6.AUM_56697_Parotocinclus_eppleyi-3.txt.final,AUM-56697,Parotocinclus_eppleyi,Parotocinclus,Hypoptopomatinae,P. epp
6.AUM_56739_Oxyropsis_acutirostra-1.txt.final,AUM-56739,Oxyropsis_acutirostra,Oxyropsis,Hypoptopomatinae,O. acu
6.AUM_56739_Oxyropsis_acutirostra-2.txt.final,AUM-56739,Oxyropsis_acutirostra,Oxyropsis,Hypoptopomatinae,O. acu
6.AUM_56739_Oxyropsis_acutirostra-3.txt.final,AUM-56739,Oxyropsis_acutirostra,Oxyropsis,Hypoptopomatinae,O. acu
ANSP_197614_Peckoltia_ephippiata-19.txt.final.txt.final,ANSP-197614,Peckoltia_ephippiata,Peckoltia,Hypostominae,P. eph
ANSP_197617_Peckoltia_greedoi-1.txt.final.txt.final,ANSP-197617,Peckoltia_greedoi,Peckoltia,Hypostominae,P. gre
AUM_20700_Ancistrus_damasceni-1.txt.final.txt.final,AUM-20700,Ancistrus_damasceni,Ancistrus,Hypostominae,A. dam
AUM_20700_Ancistrus_damasceni-2.txt.final.txt.final,AUM-20700,Ancistrus_damasceni,Ancistrus,Hypostominae,A. dam
AUM_20700_Ancistrus_damasceni-3.txt.final.txt.final,AUM-20700,Ancistrus_damasceni,Ancistrus,Hypostominae,A. dam
AUM_21972_Peckoltia_n.sp.-1.txt.final.txt.final,AUM-21972,Peckoltia_n.sp.,Peckoltia,Hypostominae,P. n.s
AUM_22190_Ancistrus_triradiatus-1.txt.final.txt.final,AUM-22190,Ancistrus_triradiatus,Ancistrus,Hypostominae,A. tri
AUM_22244_Hypostomus_robinii-1.txt.final.txt.final,AUM-22244,Hypostomus_robinii,Hypostomus,Hypostominae,H. rob
AUM_22297_Ancistrus_triradiatus-2.txt.final.txt.final,AUM-22297,Ancistrus_triradiatus,Ancistrus,Hypostominae,A. tri
AUM_22665_Panaque_maccus-1.txt.final.txt.final,AUM-22665,Panaque_maccus,Panaque,Hypostominae,P. mac
AUM_22665_Panaque_maccus-2.txt.final.txt.final,AUM-22665,Panaque_maccus,Panaque,Hypostominae,P. mac
AUM_22665_Panaque_maccus-3.txt.final.txt.final,AUM-22665,Panaque_maccus,Panaque,Hypostominae,P. mac
AUM_27705_Aphanotorulus_ammophilus-1.txt.final.txt.final,AUM-27705,Aphanotorulus_ammophilus,Aphanotorulus,Hypostominae,A. amm
AUM_32114_Ancistrus_chagresi-1.txt.final.txt.final,AUM-32114,Ancistrus_chagresi,Ancistrus,Hypostominae,A. cha
AUM_32114_Ancistrus_chagresi-2.txt.final.txt.final,AUM-32114,Ancistrus_chagresi,Ancistrus,Hypostominae,A. cha
AUM_32114_Ancistrus_chagresi-4.txt.final.txt.final,AUM-32114,Ancistrus_chagresi,Ancistrus,Hypostominae,A. cha
AUM_35624_Ancistrus_nudiceps_1.txt.final.txt.final,AUM-35624,Ancistrus_nudiceps,Ancistrus,Hypostominae,A. nud
AUM_35624_Ancistrus_nudiceps_2.txt.final.txt.final,AUM-35624,Ancistrus_nudiceps,Ancistrus,Hypostominae,A. nud
AUM_35733_Peckoltia_sabaji-1.txt.final.txt.final,AUM-35733,Peckoltia_sabaji,Peckoltia,Hypostominae,P. sab
AUM_36436_Hypostomus_robinii-2.txt.final.txt.final,AUM-36436,Hypostomus_robinii,Hypostomus,Hypostominae,H. rob
AUM_38023_Pseudancistrus_barbatus-2.txt.final.txt.final,AUM-38023,Pseudancistrus_barbatus,Pseudancistrus,Hypostominae,P. bar
AUM_38182_Ancistrus_lithurgicus-1.txt.final.txt.final,AUM-38182,Ancistrus_lithurgicus,Ancistrus,Hypostominae,A. lit
AUM_38259_Peckoltia_sabaji-1.txt.final.txt.final,AUM-38259,Peckoltia_sabaji,Peckoltia,Hypostominae,P. sab
AUM_38821_Ancistrus_lithurgicus-1.txt.final.txt.final,AUM-38821,Ancistrus_lithurgicus,Ancistrus,Hypostominae,A. lit
AUM_38821_Ancistrus_lithurgicus-2.txt.final.txt.final,AUM-38821,Ancistrus_lithurgicus,Ancistrus,Hypostominae,A. lit
AUM_38821_Ancistrus_lithurgicus-3.txt.final.txt.final,AUM-38821,Ancistrus_lithurgicus,Ancistrus,Hypostominae,A. lit
AUM_39278_Lasiancistrus_tentaculatus-2.txt.final.txt.final,AUM-39278,Lasiancistrus_tentaculatus,Lasiancistrus,Hypostominae,L. ten
AUM_39313_Peckoltia_vittata-2.txt.final.txt.final,AUM-39313,Peckoltia_vittata,Peckoltia,Hypostominae,P. vit
AUM_39313_Peckoltia_vittata-25.txt.final.txt.final,AUM-39313,Peckoltia_vittata,Peckoltia,Hypostominae,P. vit
AUM_39313_Peckoltia_vittata-5.txt.final.txt.final,AUM-39313,Peckoltia_vittata,Peckoltia,Hypostominae,P. vit
AUM_39313_Peckoltia_wernekei-3.txt.final.txt.final,AUM-39313,Peckoltia_wernekei,Peckoltia,Hypostominae,P. wer
AUM_39313_Peckoltia_wernekei-4.txt.final.txt.final,AUM-39313,Peckoltia_wernekei,Peckoltia,Hypostominae,P. wer
AUM_39589_Pseudolithoxus_dumus-1.txt.final.txt.final,AUM-39589,Pseudolithoxus_dumus,Pseudolithoxus,Hypostominae,P. dum
AUM_39835_Peckoltia_sabaji-1.txt.final.txt.final,AUM-39835,Peckoltia_sabaji,Peckoltia,Hypostominae,P. sab
AUM_41441_Pterygoplichthys_gibbiceps-1.txt.final.txt.final,AUM-41441,Pterygoplichthys_gibbiceps,Pterygoplichthys,Hypostominae,P. gib
AUM_41441_Pterygoplichthys_gibbiceps-2.txt.final.txt.final,AUM-41441,Pterygoplichthys_gibbiceps,Pterygoplichthys,Hypostominae,P. gib
AUM_41441_Pterygoplichthys_gibbiceps-3.txt.final.txt.final,AUM-41441,Pterygoplichthys_gibbiceps,Pterygoplichthys,Hypostominae,P. gib
AUM_41441_Pterygoplichthys_gibbiceps-4.txt.final.txt.final,AUM-41441,Pterygoplichthys_gibbiceps,Pterygoplichthys,Hypostominae,P. gib
AUM_42118_Pseudolithoxus_dumus-1.txt.final.txt.final,AUM-42118,Pseudolithoxus_dumus,Pseudolithoxus,Hypostominae,P. dum
AUM_42120_Hypancistrus_lunaorum-1.txt.final.txt.final,AUM-42120,Hypancistrus_lunaorum,Hypancistrus,Hypostominae,H. lun
AUM_42168_Pseudancistrus_sidereus-1.txt.final.txt.final,AUM-42168,Pseudancistrus_sidereus,Pseudancistrus,Hypostominae,P. sid
AUM_42180_Pseudancistrus_sidereus-1.txt.final.txt.final,AUM-42180,Pseudancistrus_sidereus,Pseudancistrus,Hypostominae,P. sid
AUM_42662_Peckoltia_ephippata-1.txt.final.txt.final,AUM-42662,Peckoltia_ephippiata,Peckoltia,Hypostominae,P. eph
AUM_42662_Peckoltia_ephippata-5.txt.final.txt.final,AUM-42662,Peckoltia_ephippiata,Peckoltia,Hypostominae,P. eph
AUM_43008_Hemiancistrus_lujani-3.txt.final.txt.final,AUM-43008,Hemiancistrus_lujani,Hemiancistrus,Hypostominae,H. luj
AUM_43008_Hemiancistrus_lujani-4.txt.final.txt.final,AUM-43008,Hemiancistrus_lujani,Hemiancistrus,Hypostominae,H. luj
AUM_43443_Pseudancistrus_sidereus-1.txt.final.txt.final,AUM-43443,Pseudancistrus_sidereus,Pseudancistrus,Hypostominae,P. sid
AUM_43443_Pseudancistrus_sidereus-2.txt.final.txt.final,AUM-43443,Pseudancistrus_sidereus,Pseudancistrus,Hypostominae,P. sid
AUM_43443_Pseudancistrus_sidereus-3.txt.final.txt.final,AUM-43443,Pseudancistrus_sidereus,Pseudancistrus,Hypostominae,P. sid
AUM_43443_Pseudancistrus_sidereus-4.txt.final.txt.final,AUM-43443,Pseudancistrus_sidereus,Pseudancistrus,Hypostominae,P. sid
AUM_44111_Dekeyseria_scaphirhynchus-1.txt.final.txt.final,AUM-44111,Dekeyseria_scaphirhynchus,Dekeyseria,Hypostominae,D. sca
AUM_44111_Dekeyseria_scaphirhynchus-2.txt.final.txt.final,AUM-44111,Dekeyseria_scaphirhynchus,Dekeyseria,Hypostominae,D. sca
AUM_44111_Dekeyseria_scaphirhynchus-3.txt.final.txt.final,AUM-44111,Dekeyseria_scaphirhynchus,Dekeyseria,Hypostominae,D. sca
AUM_44315_Hypancistrus_lunaorum-1.txt.final.txt.final,AUM-44315,Hypancistrus_lunaorum,Hypancistrus,Hypostominae,H. lun
AUM_44594_Pseudancistrus_nigrescens-1.txt.final.txt.final,AUM-44594,Pseudancistrus_nigrescens,Pseudancistrus,Hypostominae,P. nig
AUM_45299_Pseudancistrus_nigrescens-1.txt.final.txt.final,AUM-45299,Pseudancistrus_nigrescens,Pseudancistrus,Hypostominae,P. nig
AUM_45299_Pseudancistrus_nigrescens-2.txt.final.txt.final,AUM-45299,Pseudancistrus_nigrescens,Pseudancistrus,Hypostominae,P. nig
AUM_45504_Panaque_bathyphilus-1.txt.final.txt.final,AUM-45504,Panaque_bathyphilus,Panaque,Hypostominae,P. bat
AUM_45504_Panaque_bathyphilus-3.txt.final.txt.final,AUM-45504,Panaque_bathyphilus,Panaque,Hypostominae,P. bat
AUM_45504_Panaque_bathyphilus-4.txt.final.txt.final,AUM-45504,Panaque_bathyphilus,Panaque,Hypostominae,P. bat
AUM_45504_Panaque_bathyphilus-5.txt.final.txt.final,AUM-45504,Panaque_bathyphilus,Panaque,Hypostominae,P. bat
AUM_45574_Lasiancistrus_schomburgkii-1.txt.final.txt.final,AUM-45574,Lasiancistrus_schomburgkii,Lasiancistrus,Hypostominae,L. sch
AUM_45574_Lasiancistrus_schomburgkii-3.txt.final.txt.final,AUM-45574,Lasiancistrus_schomburgkii,Lasiancistrus,Hypostominae,L. sch
AUM_45592_Peckoltichthys_bachi-1.txt.final.txt.final,AUM-45592,Peckoltichthys_bachi,Peckoltichthys,Hypostominae,P. bac
AUM_45627_Lasiancistrus_schomburgkii-1.txt.final.txt.final,AUM-45627,Lasiancistrus_schomburgkii,Lasiancistrus,Hypostominae,L. sch
AUM_46276_Ancistrus_bufonius-1.txt.final.txt.final,AUM-46276,Ancistrus_bufonius,Ancistrus,Hypostominae,A. buf
AUM_47720_Ancistrus_nudiceps-721.txt.final.txt.final,AUM-47720,Ancistrus_nudiceps,Ancistrus,Hypostominae,A. nud
AUM_47971_Sturisoma_monopelte-2.txt.final.txt.final,AUM-47971,Sturisoma_monopelte,Sturisoma,Loricariinae,S. mon
AUM_48093_Peckoltia_braueri-310.txt.final.txt.final,AUM-48093,Peckoltia_braueri,Peckoltia,Hypostominae,P. bra
AUM_48093_Peckoltia_braueri-313.txt.final.txt.final,AUM-48093,Peckoltia_braueri,Peckoltia,Hypostominae,P. bra
AUM_48093_Peckoltia_braueri-316.txt.final.txt.final,AUM-48093,Peckoltia_braueri,Peckoltia,Hypostominae,P. bra
AUM_48093_Peckoltia_braueri-317.txt.final.txt.final,AUM-48093,Peckoltia_braueri,Peckoltia,Hypostominae,P. bra
AUM_48093_Peckoltia_braueri-319.txt.final.txt.final,AUM-48093,Peckoltia_braueri,Peckoltia,Hypostominae,P. bra
AUM_48752_Sturisoma_monopelte-1.txt.final.txt.final,AUM-48752,Sturisoma_monopelte,Sturisoma,Loricariinae,S. mon
AUM_48762_Ancistrus_leucostictus-1.txt.final.txt.final,AUM-48762,Ancistrus_leucostictus,Ancistrus,Hypostominae,A. leu
AUM_48762_Ancistrus_leucostictus-2.txt.final.txt.final,AUM-48762,Ancistrus_leucostictus,Ancistrus,Hypostominae,A. leu
AUM_48767_Peckoltia_sabaji-1.txt.final.txt.final,AUM-48767,Peckoltia_sabaji,Peckoltia,Hypostominae,P. sab
AUM_50295_Ancistrus_nudiceps_1.txt.final.txt.final,AUM-50295,Ancistrus_nudiceps,Ancistrus,Hypostominae,A. nud
AUM_51152_Ancistrus_marcapatae-1.txt.final.txt.final,AUM-51152,Ancistrus_marcapatae,Ancistrus,Hypostominae,A. mar
AUM_51152_Ancistrus_marcapatae-3.txt.final.txt.final,AUM-51152,Ancistrus_marcapatae,Ancistrus,Hypostominae,A. mar
AUM_51152_Ancistrus_marcapatae-4.txt.final.txt.final,AUM-51152,Ancistrus_marcapatae,Ancistrus,Hypostominae,A. mar
AUM_51152_Ancistrus_marcapatae-5.txt.final.txt.final,AUM-51152,Ancistrus_marcapatae,Ancistrus,Hypostominae,A. mar
AUM_51201_Chaetostoma_lineopunctatum-1.txt.final.txt.final,AUM-51201,Chaetostoma_lineopunctatum,Chaetostoma,Hypostominae,C. lin
AUM_51201_Chaetostoma_lineopunctatum-3.txt.final.txt.final,AUM-51201,Chaetostoma_lineopunctatum,Chaetostoma,Hypostominae,C. lin
AUM_51341_Chaetostoma_lineopunctatum-1.txt.final.txt.final,AUM-51341,Chaetostoma_lineopunctatum,Chaetostoma,Hypostominae,C. lin
AUM_51341_Chaetostoma_lineopunctatum-2.txt.final.txt.final,AUM-51341,Chaetostoma_lineopunctatum,Chaetostoma,Hypostominae,C. lin
AUM_51341_Chaetostoma_lineopunctatum-3.txt.final.txt.final,AUM-51341,Chaetostoma_lineopunctatum,Chaetostoma,Hypostominae,C. lin
AUM_51341_Chaetostoma_lineopunctatum-4.txt.final.txt.final,AUM-51341,Chaetostoma_lineopunctatum,Chaetostoma,Hypostominae,C. lin
AUM_53523_Hemiancistrus_cf.guahiborum-1.txt.final.txt.final,AUM-53523,Hemiancistrus_guahiborum,Hemiancistrus,Hypostominae,H. cf.
AUM_53526_Ancistrus_macrophthalmus-1.txt.final.txt.final,AUM-53526,Ancistrus_macrophthalmus,Ancistrus,Hypostominae,A. mac
AUM_53528_Hypancistrus_debilittera-1.txt.final.txt.final,AUM-53528,Hypancistrus_debilittera,Hypancistrus,Hypostominae,H. deb
AUM_53761_Lasiancistrus_tentaculatus-1.txt.final.txt.final,AUM-53761,Lasiancistrus_tentaculatus,Lasiancistrus,Hypostominae,L. ten
AUM_53761_Lasiancistrus_tentaculatus-3.txt.final.txt.final,AUM-53761,Lasiancistrus_tentaculatus,Lasiancistrus,Hypostominae,L. ten
AUM_53821_Hemiancistrus_guahiborum-1.txt.final.txt.final,AUM-53821,Hemiancistrus_guahiborum,Hemiancistrus,Hypostominae,H. gua
AUM_54016_Ancistrus_triradiatus_1.txt.final.txt.final,AUM-54016,Ancistrus_triradiatus,Ancistrus,Hypostominae,A. tri
AUM_54029_Leporacanthicus-cf._galaxias-1.txt.final.txt.final,AUM-54029,Leporacanthicus-cf._galaxias,Leporacanthicus-cf.,Hypostominae,L. gal
AUM_54029_Leporacanthicus-cf._galaxias-2.txt.final.txt.final,AUM-54029,Leporacanthicus-cf._galaxias,Leporacanthicus-cf.,Hypostominae,L. gal
AUM_54033_Peckoltia_lineola-1.txt.final.txt.final,AUM-54033,Peckoltia_lineola,Peckoltia,Hypostominae,P. lin
AUM_54033_Peckoltia_lineola-2.txt.final.txt.final,AUM-54033,Peckoltia_lineola,Peckoltia,Hypostominae,P. lin
AUM_54047_Ancistrus_triradiatus-1.txt.final.txt.final,AUM-54047,Ancistrus_triradiatus,Ancistrus,Hypostominae,A. tri
AUM_54047_Ancistrus_triradiatus-3.txt.final.txt.final,AUM-54047,Ancistrus_triradiatus,Ancistrus,Hypostominae,A. tri
AUM_54047_Ancistrus_triradiatus-4.txt.final.txt.final,AUM-54047,Ancistrus_triradiatus,Ancistrus,Hypostominae,A. tri
AUM_54047_Ancistrus_triradiatus-ROM-ICH.txt.final.txt.final,AUM-54047,Ancistrus_triradiatus,Ancistrus,Hypostominae,A. tri
AUM_54310_Pseudancistrus_sidereus-1.txt.final.txt.final,AUM-54310,Pseudancistrus_sidereus,Pseudancistrus,Hypostominae,P. sid
AUM_54463_Hypancistrus_furunculus-1.txt.final.txt.final,AUM-54463,Hypancistrus_furunculus,Hypancistrus,Hypostominae,H. fur
AUM_54474_Dekeyseria_scaphirhyncha-2.txt.final.txt.final,AUM-54474,Dekeyseria_scaphirhynchus,Dekeyseria,Hypostominae,D. sca
AUM_54474_Dekeyseria_scaphirhyncha-3.txt.final.txt.final,AUM-54474,Dekeyseria_scaphirhynchus,Dekeyseria,Hypostominae,D. sca
AUM_54990_Baryancistrus_beggini-2.txt.final.txt.final,AUM-54990,Baryancistrus_beggini,Baryancistrus,Hypostominae,B. beg
AUM_54990_Baryancistrus_beggini-3.txt.final.txt.final,AUM-54990,Baryancistrus_beggini,Baryancistrus,Hypostominae,B. beg
AUM_54990_Baryancistrus_beggini-5.txt.final.txt.final,AUM-54990,Baryancistrus_beggini,Baryancistrus,Hypostominae,B. beg
AUM_56668_Hemiancistrus_guahiborum-1.txt.final.txt.final,AUM-56668,Hemiancistrus_guahiborum,Hemiancistrus,Hypostominae,H. gua
AUM_56668_Hemiancistrus_guahiborum-2.txt.final.txt.final,AUM-56668,Hemiancistrus_guahiborum,Hemiancistrus,Hypostominae,H. gua
AUM_57811_Loricaria_simillima-1.txt.final,AUM-57811,Loricaria_simillima,Loricaria,Loricariinae,L. sim
AUM_65116_Peckoltia_ephippiata-2.txt.final.txt.final,AUM-65116,Peckoltia_ephippiata,Peckoltia,Hypostominae,P. eph
AUM_66083_Peckoltichthys_bachi-1.txt.final.txt.final,AUM-66083,Peckoltichthys_bachi,Peckoltichthys,Hypostominae,P. bac
MCB_----_Peckoltia_sp.-1.txt.final.txt.final,MCB-----,Peckoltia_sp.,Peckoltia,Hypostominae,P. sp.
MCB_----_Peckoltia_sp.-3.txt.final.txt.final,MCB-----,Peckoltia_sp.,Peckoltia,Hypostominae,P. sp.
MCP_21972_Peckoltia_maranhão-1.txt.final.txt.final,MCP-21972,Peckoltia_maranhão,Peckoltia,Hypostominae,P. mar
MCP_21972_Peckoltia_maranhão-13.txt.final.txt.final,MCP-21972,Peckoltia_maranhão,Peckoltia,Hypostominae,P. mar
MCP_21972_Peckoltia_maranhão-19.txt.final.txt.final,MCP-21972,Peckoltia_maranhão,Peckoltia,Hypostominae,P. mar
MCP_21972_Peckoltia_maranhão-2.txt.final.txt.final,MCP-21972,Peckoltia_maranhão,Peckoltia,Hypostominae,P. mar
MCP_21972_Peckoltia_maranhão-3.txt.final.txt.final,MCP-21972,Peckoltia_maranhão,Peckoltia,Hypostominae,P. mar
MCP_48395_Peckoltia_ephippiata-1.txt.final.txt.final,MCP-48395,Peckoltia_ephippiata,Peckoltia,Hypostominae,P. eph
MCP_48395_Peckoltia_ephippiata-13.txt.final.txt.final,MCP-48395,Peckoltia_ephippiata,Peckoltia,Hypostominae,P. eph
MCP_48395_Peckoltia_ephippiata-2.txt.final.txt.final,MCP-48395,Peckoltia_ephippiata,Peckoltia,Hypostominae,P. eph
MCP_48395_Peckoltia_ephippiata-8.txt.final.txt.final,MCP-48395,Peckoltia_ephippiata,Peckoltia,Hypostominae,P. eph
MNRJ_42663_Peckoltia_greedoi-4.txt.final.txt.final,MNRJ-42663,Peckoltia_greedoi,Peckoltia,Hypostominae,P. gre
UF_237091_Peckoltia_ephippiata-20.txt.final.txt.final,UF-237091,Peckoltia_ephippiata,Peckoltia,Hypostominae,P. eph
UF_237091_Peckoltia_ephippiata-7.txt.final.txt.final,UF-237091,Peckoltia_ephippiata,Peckoltia,Hypostominae,P. eph